REGION,TIMESLICE,FUEL,YEAR,value
Atlantis,ID,HF,2014,0.0
Atlantis,ID,HF,2015,2.0567779199999996
Atlantis,ID,HF,2016,2.0567779199999996
Atlantis,ID,HF,2017,2.0567779199999996
Atlantis,ID,HF,2018,0.0
Atlantis,ID,HF,2019,0.0
Atlantis,ID,HF,2020,0.0
Atlantis,ID,HF,2021,0.0
Atlantis,ID,HF,2022,0.0
Atlantis,ID,HF,2023,0.0
Atlantis,ID,HF,2024,0.0
Atlantis,ID,HF,2025,0.0
Atlantis,ID,HF,2026,0.0
Atlantis,ID,HF,2027,0.0
Atlantis,ID,HF,2028,0.0
Atlantis,ID,HF,2029,0.0
Atlantis,ID,HF,2030,0.0
Atlantis,ID,HF,2031,0.0
Atlantis,ID,HF,2032,0.0
Atlantis,ID,HF,2033,0.0
Atlantis,ID,HF,2034,0.0
Atlantis,ID,HF,2035,0.0
Atlantis,ID,HF,2036,0.0
Atlantis,ID,HF,2037,0.0
Atlantis,ID,HF,2038,0.0
Atlantis,ID,HF,2039,0.0
Atlantis,ID,HF,2040,0.0
Atlantis,ID,DS,2014,0.0
Atlantis,ID,DS,2015,0.0
Atlantis,ID,DS,2016,0.0
Atlantis,ID,DS,2017,0.0
Atlantis,ID,DS,2018,0.0
Atlantis,ID,DS,2019,0.0
Atlantis,ID,DS,2020,0.0
Atlantis,ID,DS,2021,0.0
Atlantis,ID,DS,2022,0.0
Atlantis,ID,DS,2023,0.0
Atlantis,ID,DS,2024,0.0
Atlantis,ID,DS,2025,0.0
Atlantis,ID,DS,2026,0.0
Atlantis,ID,DS,2027,0.0
Atlantis,ID,DS,2028,0.0
Atlantis,ID,DS,2029,0.0
Atlantis,ID,DS,2030,0.0
Atlantis,ID,DS,2031,0.0
Atlantis,ID,DS,2032,0.0
Atlantis,ID,DS,2033,0.0
Atlantis,ID,DS,2034,0.0
Atlantis,ID,DS,2035,0.0
Atlantis,ID,DS,2036,0.0
Atlantis,ID,DS,2037,0.0
Atlantis,ID,DS,2038,0.0
Atlantis,ID,DS,2039,0.0
Atlantis,ID,DS,2040,0.0
Atlantis,ID,NG,2014,4.9009911749362
Atlantis,ID,NG,2015,2.916708582030484
Atlantis,ID,NG,2016,3.251867740709544
Atlantis,ID,NG,2017,3.7158542569443074
Atlantis,ID,NG,2018,3.7729138533488795
Atlantis,ID,NG,2019,3.615065913147038
Atlantis,ID,NG,2020,0.019079999023406884
Atlantis,ID,NG,2021,0.0
Atlantis,ID,NG,2022,0.0
Atlantis,ID,NG,2023,0.0
Atlantis,ID,NG,2024,0.0
Atlantis,ID,NG,2025,0.15159085125581426
Atlantis,ID,NG,2026,0.0
Atlantis,ID,NG,2027,0.0
Atlantis,ID,NG,2028,0.0
Atlantis,ID,NG,2029,0.19057274073791214
Atlantis,ID,NG,2030,0.09743289787681725
Atlantis,ID,NG,2031,0.0
Atlantis,ID,NG,2032,0.0
Atlantis,ID,NG,2033,0.0
Atlantis,ID,NG,2034,0.0
Atlantis,ID,NG,2035,0.0
Atlantis,ID,NG,2036,0.0
Atlantis,ID,NG,2037,0.0
Atlantis,ID,NG,2038,0.0
Atlantis,ID,NG,2039,0.0
Atlantis,ID,NG,2040,0.0
Atlantis,ID,CO,2014,1.9706846400000002
Atlantis,ID,CO,2015,1.9706846400000002
Atlantis,ID,CO,2016,1.9706846400000002
Atlantis,ID,CO,2017,1.9706846400000002
Atlantis,ID,CO,2018,1.9706846400000002
Atlantis,ID,CO,2019,1.9706846400000002
Atlantis,ID,CO,2020,1.9706846400000002
Atlantis,ID,CO,2021,1.9706846400000002
Atlantis,ID,CO,2022,1.9706846400000002
Atlantis,ID,CO,2023,1.9706846400000002
Atlantis,ID,CO,2024,1.9706846400000002
Atlantis,ID,CO,2025,1.9706846400000002
Atlantis,ID,CO,2026,1.9706846400000002
Atlantis,ID,CO,2027,1.9706846400000002
Atlantis,ID,CO,2028,1.9706846400000002
Atlantis,ID,CO,2029,1.9706846400000002
Atlantis,ID,CO,2030,1.9706846400000002
Atlantis,ID,CO,2031,1.9706846400000002
Atlantis,ID,CO,2032,1.8638915114311898
Atlantis,ID,CO,2033,1.9706846400000002
Atlantis,ID,CO,2034,1.9706846400000002
Atlantis,ID,CO,2035,1.9706846400000002
Atlantis,ID,CO,2036,1.9706846400000002
Atlantis,ID,CO,2037,1.9706846400000002
Atlantis,ID,CO,2038,1.9706846400000002
Atlantis,ID,CO,2039,1.9706846400000002
Atlantis,ID,CO,2040,1.9706846400000002
Atlantis,ID,UR,2014,0.0
Atlantis,ID,UR,2015,0.0
Atlantis,ID,UR,2016,0.0
Atlantis,ID,UR,2017,0.0
Atlantis,ID,UR,2018,3.9485955414061173
Atlantis,ID,UR,2019,4.004037401259168
Atlantis,ID,UR,2020,10.145751401138325
Atlantis,ID,UR,2021,10.042646382707781
Atlantis,ID,UR,2022,10.255714404798558
Atlantis,ID,UR,2023,10.544583134474586
Atlantis,ID,UR,2024,10.70321952938308
Atlantis,ID,UR,2025,10.989909167777608
Atlantis,ID,UR,2026,10.697413800247741
Atlantis,ID,UR,2027,10.773799144916426
Atlantis,ID,UR,2028,10.950108334876756
Atlantis,ID,UR,2029,11.384351416222838
Atlantis,ID,UR,2030,12.366974906054205
Atlantis,ID,UR,2031,13.396254008349326
Atlantis,ID,UR,2032,14.442918731028325
Atlantis,ID,UR,2033,14.701014454985925
Atlantis,ID,UR,2034,14.865493920445491
Atlantis,ID,UR,2035,15.035970921253519
Atlantis,ID,UR,2036,15.212201443699676
Atlantis,ID,UR,2037,15.398395700766882
Atlantis,ID,UR,2038,15.593947491353498
Atlantis,ID,UR,2039,15.799463016561162
Atlantis,ID,UR,2040,16.01672959875541
Atlantis,ID,EL_Transmission,2014,6.769685032550846
Atlantis,ID,EL_Transmission,2015,6.803031549153554
Atlantis,ID,EL_Transmission,2016,6.957198595464068
Atlantis,ID,EL_Transmission,2017,7.170623855921641
Atlantis,ID,EL_Transmission,2018,7.435368882835001
Atlantis,ID,EL_Transmission,2019,7.875620002987918
Atlantis,ID,EL_Transmission,2020,8.125161737970922
Atlantis,ID,EL_Transmission,2021,8.418380673622762
Atlantis,ID,EL_Transmission,2022,8.724996133204167
Atlantis,ID,EL_Transmission,2023,9.05701966166701
Atlantis,ID,EL_Transmission,2024,9.272251690157484
Atlantis,ID,EL_Transmission,2025,9.43435718413595
Atlantis,ID,EL_Transmission,2026,9.605912011957587
Atlantis,ID,EL_Transmission,2027,9.79342557481749
Atlantis,ID,EL_Transmission,2028,9.996520151176298
Atlantis,ID,EL_Transmission,2029,10.222460585307832
Atlantis,ID,EL_Transmission,2030,10.470491434133372
Atlantis,ID,EL_Transmission,2031,10.73036385321807
Atlantis,ID,EL_Transmission,2032,10.99309436528398
Atlantis,ID,EL_Transmission,2033,11.262038396672487
Atlantis,ID,EL_Transmission,2034,11.532411474551596
Atlantis,ID,EL_Transmission,2035,11.80853851054707
Atlantis,ID,EL_Transmission,2036,12.096507116801709
Atlantis,ID,EL_Transmission,2037,12.40043445809461
Atlantis,ID,EL_Transmission,2038,12.719942812886416
Atlantis,ID,EL_Transmission,2039,13.05540990271649
Atlantis,ID,EL_Transmission,2040,13.408472520922093
Atlantis,ID,EL_Distribution,2014,6.843387420056074
Atlantis,ID,EL_Distribution,2015,6.876227069606419
Atlantis,ID,EL_Distribution,2016,7.028050776813015
Atlantis,ID,EL_Distribution,2017,7.238231973311633
Atlantis,ID,EL_Distribution,2018,7.49895287581591
Atlantis,ID,EL_Distribution,2019,7.755910578942502
Atlantis,ID,EL_Distribution,2020,8.001659279553765
Atlantis,ID,EL_Distribution,2021,8.290421287383698
Atlantis,ID,EL_Distribution,2022,8.592376191979463
Atlantis,ID,EL_Distribution,2023,8.919352962809674
Atlantis,ID,EL_Distribution,2024,9.131313464467093
Atlantis,ID,EL_Distribution,2025,9.290954954937085
Atlantis,ID,EL_Distribution,2026,9.45990214937583
Atlantis,ID,EL_Distribution,2027,9.644565506080264
Atlantis,ID,EL_Distribution,2028,9.84457304487842
Atlantis,ID,EL_Distribution,2029,10.067079184411156
Atlantis,ID,EL_Distribution,2030,10.311339964334545
Atlantis,ID,EL_Distribution,2031,10.567262322649155
Atlantis,ID,EL_Distribution,2032,10.825999330931666
Atlantis,ID,EL_Distribution,2033,11.090855413043066
Atlantis,ID,EL_Distribution,2034,11.357118820138412
Atlantis,ID,EL_Distribution,2035,11.629048725186754
Atlantis,ID,EL_Distribution,2036,11.912640208626323
Atlantis,ID,EL_Distribution,2037,12.211947854331576
Atlantis,ID,EL_Distribution,2038,12.526599682130547
Atlantis,ID,EL_Distribution,2039,12.856967672195204
Atlantis,ID,EL_Distribution,2040,13.204663738604081
Atlantis,ID,EL_Industry,2014,0.0
Atlantis,ID,EL_Industry,2015,0.0
Atlantis,ID,EL_Industry,2016,0.0
Atlantis,ID,EL_Industry,2017,0.0
Atlantis,ID,EL_Industry,2018,0.0
Atlantis,ID,EL_Industry,2019,0.0
Atlantis,ID,EL_Industry,2020,0.0
Atlantis,ID,EL_Industry,2021,0.0
Atlantis,ID,EL_Industry,2022,0.0
Atlantis,ID,EL_Industry,2023,0.0
Atlantis,ID,EL_Industry,2024,0.0
Atlantis,ID,EL_Industry,2025,0.0
Atlantis,ID,EL_Industry,2026,0.0
Atlantis,ID,EL_Industry,2027,0.0
Atlantis,ID,EL_Industry,2028,0.0
Atlantis,ID,EL_Industry,2029,0.0
Atlantis,ID,EL_Industry,2030,0.0
Atlantis,ID,EL_Industry,2031,0.0
Atlantis,ID,EL_Industry,2032,0.0
Atlantis,ID,EL_Industry,2033,0.0
Atlantis,ID,EL_Industry,2034,0.0
Atlantis,ID,EL_Industry,2035,0.0
Atlantis,ID,EL_Industry,2036,0.0
Atlantis,ID,EL_Industry,2037,0.0
Atlantis,ID,EL_Industry,2038,0.0
Atlantis,ID,EL_Industry,2039,0.0
Atlantis,ID,EL_Industry,2040,0.0
Atlantis,ID,EL_Residential,2014,0.0
Atlantis,ID,EL_Residential,2015,0.0
Atlantis,ID,EL_Residential,2016,0.0
Atlantis,ID,EL_Residential,2017,0.0
Atlantis,ID,EL_Residential,2018,0.0
Atlantis,ID,EL_Residential,2019,0.0
Atlantis,ID,EL_Residential,2020,0.0
Atlantis,ID,EL_Residential,2021,0.0
Atlantis,ID,EL_Residential,2022,0.0
Atlantis,ID,EL_Residential,2023,0.0
Atlantis,ID,EL_Residential,2024,0.0
Atlantis,ID,EL_Residential,2025,0.0
Atlantis,ID,EL_Residential,2026,0.0
Atlantis,ID,EL_Residential,2027,0.0
Atlantis,ID,EL_Residential,2028,0.0
Atlantis,ID,EL_Residential,2029,0.0
Atlantis,ID,EL_Residential,2030,0.0
Atlantis,ID,EL_Residential,2031,0.0
Atlantis,ID,EL_Residential,2032,0.0
Atlantis,ID,EL_Residential,2033,0.0
Atlantis,ID,EL_Residential,2034,0.0
Atlantis,ID,EL_Residential,2035,0.0
Atlantis,ID,EL_Residential,2036,0.0
Atlantis,ID,EL_Residential,2037,0.0
Atlantis,ID,EL_Residential,2038,0.0
Atlantis,ID,EL_Residential,2039,0.0
Atlantis,ID,EL_Residential,2040,0.0
Atlantis,ID,EL_Transport,2014,0.0
Atlantis,ID,EL_Transport,2015,0.0
Atlantis,ID,EL_Transport,2016,0.0
Atlantis,ID,EL_Transport,2017,0.0
Atlantis,ID,EL_Transport,2018,0.0
Atlantis,ID,EL_Transport,2019,0.0
Atlantis,ID,EL_Transport,2020,0.0
Atlantis,ID,EL_Transport,2021,0.0
Atlantis,ID,EL_Transport,2022,0.0
Atlantis,ID,EL_Transport,2023,0.0
Atlantis,ID,EL_Transport,2024,0.0
Atlantis,ID,EL_Transport,2025,0.0
Atlantis,ID,EL_Transport,2026,0.0
Atlantis,ID,EL_Transport,2027,0.0
Atlantis,ID,EL_Transport,2028,0.0
Atlantis,ID,EL_Transport,2029,0.0
Atlantis,ID,EL_Transport,2030,0.0
Atlantis,ID,EL_Transport,2031,0.0
Atlantis,ID,EL_Transport,2032,0.0
Atlantis,ID,EL_Transport,2033,0.0
Atlantis,ID,EL_Transport,2034,0.0
Atlantis,ID,EL_Transport,2035,0.0
Atlantis,ID,EL_Transport,2036,0.0
Atlantis,ID,EL_Transport,2037,0.0
Atlantis,ID,EL_Transport,2038,0.0
Atlantis,ID,EL_Transport,2039,0.0
Atlantis,ID,EL_Transport,2040,0.0
Atlantis,ID,EL_Services,2014,0.0
Atlantis,ID,EL_Services,2015,0.0
Atlantis,ID,EL_Services,2016,0.0
Atlantis,ID,EL_Services,2017,0.0
Atlantis,ID,EL_Services,2018,0.0
Atlantis,ID,EL_Services,2019,0.0
Atlantis,ID,EL_Services,2020,0.0
Atlantis,ID,EL_Services,2021,0.0
Atlantis,ID,EL_Services,2022,0.0
Atlantis,ID,EL_Services,2023,0.0
Atlantis,ID,EL_Services,2024,0.0
Atlantis,ID,EL_Services,2025,0.0
Atlantis,ID,EL_Services,2026,0.0
Atlantis,ID,EL_Services,2027,0.0
Atlantis,ID,EL_Services,2028,0.0
Atlantis,ID,EL_Services,2029,0.0
Atlantis,ID,EL_Services,2030,0.0
Atlantis,ID,EL_Services,2031,0.0
Atlantis,ID,EL_Services,2032,0.0
Atlantis,ID,EL_Services,2033,0.0
Atlantis,ID,EL_Services,2034,0.0
Atlantis,ID,EL_Services,2035,0.0
Atlantis,ID,EL_Services,2036,0.0
Atlantis,ID,EL_Services,2037,0.0
Atlantis,ID,EL_Services,2038,0.0
Atlantis,ID,EL_Services,2039,0.0
Atlantis,ID,EL_Services,2040,0.0
Atlantis,IN,HF,2014,0.9221489556430349
Atlantis,IN,HF,2015,2.05677792
Atlantis,IN,HF,2016,2.05677792
Atlantis,IN,HF,2017,2.05677792
Atlantis,IN,HF,2018,0.06830642300715135
Atlantis,IN,HF,2019,0.0
Atlantis,IN,HF,2020,0.0
Atlantis,IN,HF,2021,0.0
Atlantis,IN,HF,2022,0.0
Atlantis,IN,HF,2023,0.0
Atlantis,IN,HF,2024,0.0
Atlantis,IN,HF,2025,0.0
Atlantis,IN,HF,2026,0.0
Atlantis,IN,HF,2027,0.0
Atlantis,IN,HF,2028,0.0
Atlantis,IN,HF,2029,0.0
Atlantis,IN,HF,2030,0.0
Atlantis,IN,HF,2031,0.0
Atlantis,IN,HF,2032,0.0
Atlantis,IN,HF,2033,0.0
Atlantis,IN,HF,2034,0.0
Atlantis,IN,HF,2035,0.0
Atlantis,IN,HF,2036,0.0
Atlantis,IN,HF,2037,0.0
Atlantis,IN,HF,2038,0.0
Atlantis,IN,HF,2039,0.0
Atlantis,IN,HF,2040,0.0
Atlantis,IN,DS,2014,0.0
Atlantis,IN,DS,2015,0.0
Atlantis,IN,DS,2016,0.0
Atlantis,IN,DS,2017,0.0
Atlantis,IN,DS,2018,0.0
Atlantis,IN,DS,2019,0.0
Atlantis,IN,DS,2020,0.0
Atlantis,IN,DS,2021,0.0
Atlantis,IN,DS,2022,0.0
Atlantis,IN,DS,2023,0.0
Atlantis,IN,DS,2024,0.0
Atlantis,IN,DS,2025,0.0
Atlantis,IN,DS,2026,0.0
Atlantis,IN,DS,2027,0.0
Atlantis,IN,DS,2028,0.0
Atlantis,IN,DS,2029,0.0
Atlantis,IN,DS,2030,0.0
Atlantis,IN,DS,2031,0.0
Atlantis,IN,DS,2032,0.0
Atlantis,IN,DS,2033,0.0
Atlantis,IN,DS,2034,0.0
Atlantis,IN,DS,2035,0.0
Atlantis,IN,DS,2036,0.0
Atlantis,IN,DS,2037,0.0
Atlantis,IN,DS,2038,0.0
Atlantis,IN,DS,2039,0.0
Atlantis,IN,DS,2040,0.0
Atlantis,IN,NG,2014,6.8559264
Atlantis,IN,NG,2015,5.810502271155151
Atlantis,IN,NG,2016,6.2062408865101215
Atlantis,IN,NG,2017,6.75872475048592
Atlantis,IN,NG,2018,6.8559264
Atlantis,IN,NG,2019,6.875006399023406
Atlantis,IN,NG,2020,3.381765977330293
Atlantis,IN,NG,2021,2.8386678318242704
Atlantis,IN,NG,2022,3.0813691360636586
Atlantis,IN,NG,2023,3.3803921720327565
Atlantis,IN,NG,2024,3.51941813460202
Atlantis,IN,NG,2025,3.7308062138197955
Atlantis,IN,NG,2026,3.4695085920404174
Atlantis,IN,NG,2027,3.5859769371723984
Atlantis,IN,NG,2028,3.7691435480543385
Atlantis,IN,NG,2029,4.0692242563231975
Atlantis,IN,NG,2030,4.0692242563231975
Atlantis,IN,NG,2031,4.0692242563231975
Atlantis,IN,NG,2032,4.0692242563231975
Atlantis,IN,NG,2033,4.2723233119029205
Atlantis,IN,NG,2034,4.377147039531125
Atlantis,IN,NG,2035,4.481902357515782
Atlantis,IN,NG,2036,4.590950731576262
Atlantis,IN,NG,2037,4.705727566427586
Atlantis,IN,NG,2038,4.827487217460323
Atlantis,IN,NG,2039,4.954975327870461
Atlantis,IN,NG,2040,5.086688086126323
Atlantis,IN,CO,2014,1.97068464
Atlantis,IN,CO,2015,1.97068464
Atlantis,IN,CO,2016,1.97068464
Atlantis,IN,CO,2017,1.97068464
Atlantis,IN,CO,2018,1.97068464
Atlantis,IN,CO,2019,1.97068464
Atlantis,IN,CO,2020,1.97068464
Atlantis,IN,CO,2021,1.97068464
Atlantis,IN,CO,2022,1.97068464
Atlantis,IN,CO,2023,1.97068464
Atlantis,IN,CO,2024,1.97068464
Atlantis,IN,CO,2025,1.97068464
Atlantis,IN,CO,2026,1.9706846400000002
Atlantis,IN,CO,2027,1.97068464
Atlantis,IN,CO,2028,1.97068464
Atlantis,IN,CO,2029,1.97068464
Atlantis,IN,CO,2030,1.97068464
Atlantis,IN,CO,2031,1.97068464
Atlantis,IN,CO,2032,1.97068464
Atlantis,IN,CO,2033,1.97068464
Atlantis,IN,CO,2034,1.97068464
Atlantis,IN,CO,2035,1.97068464
Atlantis,IN,CO,2036,1.97068464
Atlantis,IN,CO,2037,1.97068464
Atlantis,IN,CO,2038,1.97068464
Atlantis,IN,CO,2039,1.97068464
Atlantis,IN,CO,2040,1.9706846400000002
Atlantis,IN,UR,2014,0.0
Atlantis,IN,UR,2015,0.0
Atlantis,IN,UR,2016,0.0
Atlantis,IN,UR,2017,0.0
Atlantis,IN,UR,2018,3.948595541406117
Atlantis,IN,UR,2019,4.0040374012591675
Atlantis,IN,UR,2020,10.145751401138325
Atlantis,IN,UR,2021,10.637179371934058
Atlantis,IN,UR,2022,10.637179371934057
Atlantis,IN,UR,2023,10.637179371934057
Atlantis,IN,UR,2024,10.70321952938308
Atlantis,IN,UR,2025,10.989909167777606
Atlantis,IN,UR,2026,10.989909167777606
Atlantis,IN,UR,2027,10.989909167777606
Atlantis,IN,UR,2028,10.989909167777606
Atlantis,IN,UR,2029,11.384351416222838
Atlantis,IN,UR,2030,12.366974906054205
Atlantis,IN,UR,2031,13.396254008349326
Atlantis,IN,UR,2032,14.442918731028325
Atlantis,IN,UR,2033,14.70101445498592
Atlantis,IN,UR,2034,14.86549392044549
Atlantis,IN,UR,2035,15.03597092125352
Atlantis,IN,UR,2036,15.212201443699675
Atlantis,IN,UR,2037,15.398395700766878
Atlantis,IN,UR,2038,15.593947491353497
Atlantis,IN,UR,2039,15.799463016561159
Atlantis,IN,UR,2040,16.01672959875541
Atlantis,IN,EL_Transmission,2014,8.093090819444512
Atlantis,IN,EL_Transmission,2015,8.134123402476767
Atlantis,IN,EL_Transmission,2016,8.316155884240782
Atlantis,IN,EL_Transmission,2017,8.570288296373164
Atlantis,IN,EL_Transmission,2018,8.884917626928042
Atlantis,IN,EL_Transmission,2019,9.375132645985326
Atlantis,IN,EL_Transmission,2020,9.671935417044928
Atlantis,IN,EL_Transmission,2021,10.021751730765716
Atlantis,IN,EL_Transmission,2022,10.386282830650552
Atlantis,IN,EL_Transmission,2023,10.78175529466006
Atlantis,IN,EL_Transmission,2024,11.038999480655841
Atlantis,IN,EL_Transmission,2025,11.231123181150044
Atlantis,IN,EL_Transmission,2026,11.435353823952468
Atlantis,IN,EL_Transmission,2027,11.658418888926127
Atlantis,IN,EL_Transmission,2028,11.900570341074795
Atlantis,IN,EL_Transmission,2029,12.16954352151834
Atlantis,IN,EL_Transmission,2030,12.46433056846775
Atlantis,IN,EL_Transmission,2031,12.773114299156283
Atlantis,IN,EL_Transmission,2032,13.087113715959987
Atlantis,IN,EL_Transmission,2033,13.406744561986555
Atlantis,IN,EL_Transmission,2034,13.72973914776725
Atlantis,IN,EL_Transmission,2035,14.058453350025443
Atlantis,IN,EL_Transmission,2036,14.401164236554933
Atlantis,IN,EL_Transmission,2037,14.762709545255657
Atlantis,IN,EL_Transmission,2038,15.143341240954003
Atlantis,IN,EL_Transmission,2039,15.542807358114027
Atlantis,IN,EL_Transmission,2040,15.961989776732402
Atlantis,IN,EL_Distribution,2014,8.146677438988958
Atlantis,IN,EL_Distribution,2015,8.18708632675912
Atlantis,IN,EL_Distribution,2016,8.366351914800322
Atlantis,IN,EL_Distribution,2017,8.616621514268294
Atlantis,IN,EL_Distribution,2018,8.926468478998736
Atlantis,IN,EL_Distribution,2019,9.232630629766351
Atlantis,IN,EL_Distribution,2020,9.524921998705846
Atlantis,IN,EL_Distribution,2021,9.869421104458077
Atlantis,IN,EL_Distribution,2022,10.228411331624665
Atlantis,IN,EL_Distribution,2023,10.617872614181229
Atlantis,IN,EL_Distribution,2024,10.871206688549872
Atlantis,IN,EL_Distribution,2025,11.060410108796567
Atlantis,IN,EL_Distribution,2026,11.261536445828392
Atlantis,IN,EL_Distribution,2027,11.48121092181445
Atlantis,IN,EL_Distribution,2028,11.71968167189046
Atlantis,IN,EL_Distribution,2029,11.984566459991262
Atlantis,IN,EL_Distribution,2030,12.274872743827041
Atlantis,IN,EL_Distribution,2031,12.578962961809111
Atlantis,IN,EL_Distribution,2032,12.888189587477397
Atlantis,IN,EL_Distribution,2033,13.202962044644364
Atlantis,IN,EL_Distribution,2034,13.521047112721188
Atlantis,IN,EL_Distribution,2035,13.844764859105059
Atlantis,IN,EL_Distribution,2036,14.182266540159299
Atlantis,IN,EL_Distribution,2037,14.538316360167771
Atlantis,IN,EL_Distribution,2038,14.913162454091504
Atlantis,IN,EL_Distribution,2039,15.306556686270694
Atlantis,IN,EL_Distribution,2040,15.719367532126075
Atlantis,IN,EL_Industry,2014,0.0
Atlantis,IN,EL_Industry,2015,0.0
Atlantis,IN,EL_Industry,2016,0.0
Atlantis,IN,EL_Industry,2017,0.0
Atlantis,IN,EL_Industry,2018,0.0
Atlantis,IN,EL_Industry,2019,0.0
Atlantis,IN,EL_Industry,2020,0.0
Atlantis,IN,EL_Industry,2021,0.0
Atlantis,IN,EL_Industry,2022,0.0
Atlantis,IN,EL_Industry,2023,0.0
Atlantis,IN,EL_Industry,2024,0.0
Atlantis,IN,EL_Industry,2025,0.0
Atlantis,IN,EL_Industry,2026,0.0
Atlantis,IN,EL_Industry,2027,0.0
Atlantis,IN,EL_Industry,2028,0.0
Atlantis,IN,EL_Industry,2029,0.0
Atlantis,IN,EL_Industry,2030,0.0
Atlantis,IN,EL_Industry,2031,0.0
Atlantis,IN,EL_Industry,2032,0.0
Atlantis,IN,EL_Industry,2033,0.0
Atlantis,IN,EL_Industry,2034,0.0
Atlantis,IN,EL_Industry,2035,0.0
Atlantis,IN,EL_Industry,2036,0.0
Atlantis,IN,EL_Industry,2037,0.0
Atlantis,IN,EL_Industry,2038,0.0
Atlantis,IN,EL_Industry,2039,0.0
Atlantis,IN,EL_Industry,2040,0.0
Atlantis,IN,EL_Residential,2014,0.0
Atlantis,IN,EL_Residential,2015,0.0
Atlantis,IN,EL_Residential,2016,0.0
Atlantis,IN,EL_Residential,2017,0.0
Atlantis,IN,EL_Residential,2018,0.0
Atlantis,IN,EL_Residential,2019,0.0
Atlantis,IN,EL_Residential,2020,0.0
Atlantis,IN,EL_Residential,2021,0.0
Atlantis,IN,EL_Residential,2022,0.0
Atlantis,IN,EL_Residential,2023,0.0
Atlantis,IN,EL_Residential,2024,0.0
Atlantis,IN,EL_Residential,2025,0.0
Atlantis,IN,EL_Residential,2026,0.0
Atlantis,IN,EL_Residential,2027,0.0
Atlantis,IN,EL_Residential,2028,0.0
Atlantis,IN,EL_Residential,2029,0.0
Atlantis,IN,EL_Residential,2030,0.0
Atlantis,IN,EL_Residential,2031,0.0
Atlantis,IN,EL_Residential,2032,0.0
Atlantis,IN,EL_Residential,2033,0.0
Atlantis,IN,EL_Residential,2034,0.0
Atlantis,IN,EL_Residential,2035,0.0
Atlantis,IN,EL_Residential,2036,0.0
Atlantis,IN,EL_Residential,2037,0.0
Atlantis,IN,EL_Residential,2038,0.0
Atlantis,IN,EL_Residential,2039,0.0
Atlantis,IN,EL_Residential,2040,0.0
Atlantis,IN,EL_Transport,2014,0.0
Atlantis,IN,EL_Transport,2015,0.0
Atlantis,IN,EL_Transport,2016,0.0
Atlantis,IN,EL_Transport,2017,0.0
Atlantis,IN,EL_Transport,2018,0.0
Atlantis,IN,EL_Transport,2019,0.0
Atlantis,IN,EL_Transport,2020,0.0
Atlantis,IN,EL_Transport,2021,0.0
Atlantis,IN,EL_Transport,2022,0.0
Atlantis,IN,EL_Transport,2023,0.0
Atlantis,IN,EL_Transport,2024,0.0
Atlantis,IN,EL_Transport,2025,0.0
Atlantis,IN,EL_Transport,2026,0.0
Atlantis,IN,EL_Transport,2027,0.0
Atlantis,IN,EL_Transport,2028,0.0
Atlantis,IN,EL_Transport,2029,0.0
Atlantis,IN,EL_Transport,2030,0.0
Atlantis,IN,EL_Transport,2031,0.0
Atlantis,IN,EL_Transport,2032,0.0
Atlantis,IN,EL_Transport,2033,0.0
Atlantis,IN,EL_Transport,2034,0.0
Atlantis,IN,EL_Transport,2035,0.0
Atlantis,IN,EL_Transport,2036,0.0
Atlantis,IN,EL_Transport,2037,0.0
Atlantis,IN,EL_Transport,2038,0.0
Atlantis,IN,EL_Transport,2039,0.0
Atlantis,IN,EL_Transport,2040,0.0
Atlantis,IN,EL_Services,2014,0.0
Atlantis,IN,EL_Services,2015,0.0
Atlantis,IN,EL_Services,2016,0.0
Atlantis,IN,EL_Services,2017,0.0
Atlantis,IN,EL_Services,2018,0.0
Atlantis,IN,EL_Services,2019,0.0
Atlantis,IN,EL_Services,2020,0.0
Atlantis,IN,EL_Services,2021,0.0
Atlantis,IN,EL_Services,2022,0.0
Atlantis,IN,EL_Services,2023,0.0
Atlantis,IN,EL_Services,2024,0.0
Atlantis,IN,EL_Services,2025,0.0
Atlantis,IN,EL_Services,2026,0.0
Atlantis,IN,EL_Services,2027,0.0
Atlantis,IN,EL_Services,2028,0.0
Atlantis,IN,EL_Services,2029,0.0
Atlantis,IN,EL_Services,2030,0.0
Atlantis,IN,EL_Services,2031,0.0
Atlantis,IN,EL_Services,2032,0.0
Atlantis,IN,EL_Services,2033,0.0
Atlantis,IN,EL_Services,2034,0.0
Atlantis,IN,EL_Services,2035,0.0
Atlantis,IN,EL_Services,2036,0.0
Atlantis,IN,EL_Services,2037,0.0
Atlantis,IN,EL_Services,2038,0.0
Atlantis,IN,EL_Services,2039,0.0
Atlantis,IN,EL_Services,2040,0.0
Atlantis,SD,HF,2014,0.0
Atlantis,SD,HF,2015,2.0567779199999996
Atlantis,SD,HF,2016,2.0567779199999996
Atlantis,SD,HF,2017,2.0567779199999996
Atlantis,SD,HF,2018,0.0
Atlantis,SD,HF,2019,0.0
Atlantis,SD,HF,2020,0.0
Atlantis,SD,HF,2021,0.0
Atlantis,SD,HF,2022,0.0
Atlantis,SD,HF,2023,0.0
Atlantis,SD,HF,2024,0.0
Atlantis,SD,HF,2025,0.0
Atlantis,SD,HF,2026,0.0
Atlantis,SD,HF,2027,0.0
Atlantis,SD,HF,2028,0.0
Atlantis,SD,HF,2029,0.0
Atlantis,SD,HF,2030,0.0
Atlantis,SD,HF,2031,0.0
Atlantis,SD,HF,2032,0.0
Atlantis,SD,HF,2033,0.0
Atlantis,SD,HF,2034,0.0
Atlantis,SD,HF,2035,0.0
Atlantis,SD,HF,2036,0.0
Atlantis,SD,HF,2037,0.0
Atlantis,SD,HF,2038,0.0
Atlantis,SD,HF,2039,0.0
Atlantis,SD,HF,2040,0.0
Atlantis,SD,DS,2014,0.0
Atlantis,SD,DS,2015,0.0
Atlantis,SD,DS,2016,0.0
Atlantis,SD,DS,2017,0.0
Atlantis,SD,DS,2018,0.0
Atlantis,SD,DS,2019,0.0
Atlantis,SD,DS,2020,0.0
Atlantis,SD,DS,2021,0.0
Atlantis,SD,DS,2022,0.0
Atlantis,SD,DS,2023,0.0
Atlantis,SD,DS,2024,0.0
Atlantis,SD,DS,2025,0.0
Atlantis,SD,DS,2026,0.0
Atlantis,SD,DS,2027,0.0
Atlantis,SD,DS,2028,0.0
Atlantis,SD,DS,2029,0.0
Atlantis,SD,DS,2030,0.0
Atlantis,SD,DS,2031,0.0
Atlantis,SD,DS,2032,0.0
Atlantis,SD,DS,2033,0.0
Atlantis,SD,DS,2034,0.0
Atlantis,SD,DS,2035,0.0
Atlantis,SD,DS,2036,0.0
Atlantis,SD,DS,2037,0.0
Atlantis,SD,DS,2038,0.0
Atlantis,SD,DS,2039,0.0
Atlantis,SD,DS,2040,0.0
Atlantis,SD,NG,2014,5.712787290595854
Atlantis,SD,NG,2015,3.726862364259063
Atlantis,SD,NG,2016,4.049567162771996
Atlantis,SD,NG,2017,4.498909540450764
Atlantis,SD,NG,2018,4.535439971372072
Atlantis,SD,NG,2019,4.041278299065454
Atlantis,SD,NG,2020,0.42708985805253485
Atlantis,SD,NG,2021,0.0
Atlantis,SD,NG,2022,0.14736053788329118
Atlantis,SD,NG,2023,0.37098468832190257
Atlantis,SD,NG,2024,0.46337087828141893
Atlantis,SD,NG,2025,0.6032990119378454
Atlantis,SD,NG,2026,0.2657490257536045
Atlantis,SD,NG,2027,0.2984808677716896
Atlantis,SD,NG,2028,0.435683778036079
Atlantis,SD,NG,2029,1.2638801838075764
Atlantis,SD,NG,2030,0.5244219942559776
Atlantis,SD,NG,2031,0.40993393945962103
Atlantis,SD,NG,2032,0.29112570039421326
Atlantis,SD,NG,2033,0.41660127586072637
Atlantis,SD,NG,2034,0.46609233853036286
Atlantis,SD,NG,2035,0.5141315669217855
Atlantis,SD,NG,2036,0.5655695760782319
Atlantis,SD,NG,2037,0.6191272904286534
Atlantis,SD,NG,2038,0.6763764580562909
Atlantis,SD,NG,2039,0.7357453308778901
Atlantis,SD,NG,2040,0.7970611501863113
Atlantis,SD,CO,2014,1.9706846400000002
Atlantis,SD,CO,2015,1.9706846400000002
Atlantis,SD,CO,2016,1.9706846400000002
Atlantis,SD,CO,2017,1.9706846400000002
Atlantis,SD,CO,2018,1.9706846400000002
Atlantis,SD,CO,2019,1.9706846400000002
Atlantis,SD,CO,2020,1.9706846400000002
Atlantis,SD,CO,2021,1.9706846400000002
Atlantis,SD,CO,2022,1.9706846400000002
Atlantis,SD,CO,2023,1.9706846400000002
Atlantis,SD,CO,2024,1.9706846400000002
Atlantis,SD,CO,2025,1.9706846400000002
Atlantis,SD,CO,2026,1.9706846400000002
Atlantis,SD,CO,2027,1.9706846400000002
Atlantis,SD,CO,2028,1.9706846400000002
Atlantis,SD,CO,2029,1.9706846400000002
Atlantis,SD,CO,2030,1.9706846400000002
Atlantis,SD,CO,2031,1.9706846400000002
Atlantis,SD,CO,2032,1.9706846400000002
Atlantis,SD,CO,2033,1.9706846400000002
Atlantis,SD,CO,2034,1.9706846400000002
Atlantis,SD,CO,2035,1.9706846400000002
Atlantis,SD,CO,2036,1.9706846400000002
Atlantis,SD,CO,2037,1.9706846400000002
Atlantis,SD,CO,2038,1.9706846400000002
Atlantis,SD,CO,2039,1.9706846400000002
Atlantis,SD,CO,2040,1.9706846400000002
Atlantis,SD,UR,2014,0.0
Atlantis,SD,UR,2015,0.0
Atlantis,SD,UR,2016,0.0
Atlantis,SD,UR,2017,0.0
Atlantis,SD,UR,2018,3.9485955414061173
Atlantis,SD,UR,2019,4.004037401259168
Atlantis,SD,UR,2020,10.145751401138325
Atlantis,SD,UR,2021,10.63717937193406
Atlantis,SD,UR,2022,10.637179371934057
Atlantis,SD,UR,2023,10.637179371934057
Atlantis,SD,UR,2024,10.70321952938308
Atlantis,SD,UR,2025,10.989909167777608
Atlantis,SD,UR,2026,10.989909167777608
Atlantis,SD,UR,2027,10.989909167777608
Atlantis,SD,UR,2028,10.98990916777761
Atlantis,SD,UR,2029,10.33201394862825
Atlantis,SD,UR,2030,12.366974906054205
Atlantis,SD,UR,2031,13.396254008349326
Atlantis,SD,UR,2032,14.442918731028325
Atlantis,SD,UR,2033,14.701014454985925
Atlantis,SD,UR,2034,14.865493920445491
Atlantis,SD,UR,2035,15.035970921253519
Atlantis,SD,UR,2036,15.212201443699676
Atlantis,SD,UR,2037,15.398395700766882
Atlantis,SD,UR,2038,15.593947491353498
Atlantis,SD,UR,2039,15.799463016561162
Atlantis,SD,UR,2040,16.01672959875541
Atlantis,SD,EL_Transmission,2014,6.607710419296593
Atlantis,SD,EL_Transmission,2015,6.640301492738732
Atlantis,SD,EL_Transmission,2016,6.788739762523889
Atlantis,SD,EL_Transmission,2017,6.995428988687076
Atlantis,SD,EL_Transmission,2018,7.2507309771996695
Atlantis,SD,EL_Transmission,2019,7.611970368509544
Atlantis,SD,EL_Transmission,2020,7.853139276036574
Atlantis,SD,EL_Transmission,2021,8.137041080384023
Atlantis,SD,EL_Transmission,2022,8.433080336863142
Atlantis,SD,EL_Transmission,2023,8.753898126324756
Atlantis,SD,EL_Transmission,2024,8.962582981466197
Atlantis,SD,EL_Transmission,2025,9.11883379158447
Atlantis,SD,EL_Transmission,2026,9.284785749905486
Atlantis,SD,EL_Transmission,2027,9.465815093006256
Atlantis,SD,EL_Transmission,2028,9.662362496016028
Atlantis,SD,EL_Transmission,2029,9.88074849936022
Atlantis,SD,EL_Transmission,2030,10.120028799190415
Atlantis,SD,EL_Transmission,2031,10.371339530049454
Atlantis,SD,EL_Transmission,2032,10.62569721465939
Atlantis,SD,EL_Transmission,2033,10.885324114743502
Atlantis,SD,EL_Transmission,2034,11.147387318756534
Atlantis,SD,EL_Transmission,2035,11.413882455498138
Atlantis,SD,EL_Transmission,2036,11.692408023268595
Atlantis,SD,EL_Transmission,2037,11.986010975818797
Atlantis,SD,EL_Transmission,2038,12.295131988278001
Atlantis,SD,EL_Transmission,2039,12.61933038551695
Atlantis,SD,EL_Transmission,2040,12.959991146513326
Atlantis,SD,EL_Distribution,2014,6.614495620923285
Atlantis,SD,EL_Distribution,2015,6.646591310049104
Atlantis,SD,EL_Distribution,2016,6.792773318133526
Atlantis,SD,EL_Distribution,2017,6.9963208680590325
Atlantis,SD,EL_Distribution,2018,7.247742266346236
Atlantis,SD,EL_Distribution,2019,7.496268418908201
Atlantis,SD,EL_Distribution,2020,7.733771559040818
Atlantis,SD,EL_Distribution,2021,8.013358055962186
Atlantis,SD,EL_Distribution,2022,8.304897515742821
Atlantis,SD,EL_Distribution,2023,8.620838874804619
Atlantis,SD,EL_Distribution,2024,8.826351720147912
Atlantis,SD,EL_Distribution,2025,8.980227517952386
Atlantis,SD,EL_Distribution,2026,9.143657006506926
Atlantis,SD,EL_Distribution,2027,9.32193470359256
Atlantis,SD,EL_Distribution,2028,9.515494586076587
Atlantis,SD,EL_Distribution,2029,9.730561122169943
Atlantis,SD,EL_Distribution,2030,9.96620436144272
Atlantis,SD,EL_Distribution,2031,10.213695169192704
Atlantis,SD,EL_Distribution,2032,10.464186616996567
Atlantis,SD,EL_Distribution,2033,10.719867188199402
Atlantis,SD,EL_Distribution,2034,10.977947031511436
Atlantis,SD,EL_Distribution,2035,11.240391442174566
Atlantis,SD,EL_Distribution,2036,11.514683421314912
Atlantis,SD,EL_Distribution,2037,11.803823608986352
Atlantis,SD,EL_Distribution,2038,12.108245982056177
Atlantis,SD,EL_Distribution,2039,12.427516563657093
Atlantis,SD,EL_Distribution,2040,12.762999281086325
Atlantis,SD,EL_Industry,2014,0.0
Atlantis,SD,EL_Industry,2015,0.0
Atlantis,SD,EL_Industry,2016,0.0
Atlantis,SD,EL_Industry,2017,0.0
Atlantis,SD,EL_Industry,2018,0.0
Atlantis,SD,EL_Industry,2019,0.0
Atlantis,SD,EL_Industry,2020,0.0
Atlantis,SD,EL_Industry,2021,0.0
Atlantis,SD,EL_Industry,2022,0.0
Atlantis,SD,EL_Industry,2023,0.0
Atlantis,SD,EL_Industry,2024,0.0
Atlantis,SD,EL_Industry,2025,0.0
Atlantis,SD,EL_Industry,2026,0.0
Atlantis,SD,EL_Industry,2027,0.0
Atlantis,SD,EL_Industry,2028,0.0
Atlantis,SD,EL_Industry,2029,0.0
Atlantis,SD,EL_Industry,2030,0.0
Atlantis,SD,EL_Industry,2031,0.0
Atlantis,SD,EL_Industry,2032,0.0
Atlantis,SD,EL_Industry,2033,0.0
Atlantis,SD,EL_Industry,2034,0.0
Atlantis,SD,EL_Industry,2035,0.0
Atlantis,SD,EL_Industry,2036,0.0
Atlantis,SD,EL_Industry,2037,0.0
Atlantis,SD,EL_Industry,2038,0.0
Atlantis,SD,EL_Industry,2039,0.0
Atlantis,SD,EL_Industry,2040,0.0
Atlantis,SD,EL_Residential,2014,0.0
Atlantis,SD,EL_Residential,2015,0.0
Atlantis,SD,EL_Residential,2016,0.0
Atlantis,SD,EL_Residential,2017,0.0
Atlantis,SD,EL_Residential,2018,0.0
Atlantis,SD,EL_Residential,2019,0.0
Atlantis,SD,EL_Residential,2020,0.0
Atlantis,SD,EL_Residential,2021,0.0
Atlantis,SD,EL_Residential,2022,0.0
Atlantis,SD,EL_Residential,2023,0.0
Atlantis,SD,EL_Residential,2024,0.0
Atlantis,SD,EL_Residential,2025,0.0
Atlantis,SD,EL_Residential,2026,0.0
Atlantis,SD,EL_Residential,2027,0.0
Atlantis,SD,EL_Residential,2028,0.0
Atlantis,SD,EL_Residential,2029,0.0
Atlantis,SD,EL_Residential,2030,0.0
Atlantis,SD,EL_Residential,2031,0.0
Atlantis,SD,EL_Residential,2032,0.0
Atlantis,SD,EL_Residential,2033,0.0
Atlantis,SD,EL_Residential,2034,0.0
Atlantis,SD,EL_Residential,2035,0.0
Atlantis,SD,EL_Residential,2036,0.0
Atlantis,SD,EL_Residential,2037,0.0
Atlantis,SD,EL_Residential,2038,0.0
Atlantis,SD,EL_Residential,2039,0.0
Atlantis,SD,EL_Residential,2040,0.0
Atlantis,SD,EL_Transport,2014,0.0
Atlantis,SD,EL_Transport,2015,0.0
Atlantis,SD,EL_Transport,2016,0.0
Atlantis,SD,EL_Transport,2017,0.0
Atlantis,SD,EL_Transport,2018,0.0
Atlantis,SD,EL_Transport,2019,0.0
Atlantis,SD,EL_Transport,2020,0.0
Atlantis,SD,EL_Transport,2021,0.0
Atlantis,SD,EL_Transport,2022,0.0
Atlantis,SD,EL_Transport,2023,0.0
Atlantis,SD,EL_Transport,2024,0.0
Atlantis,SD,EL_Transport,2025,0.0
Atlantis,SD,EL_Transport,2026,0.0
Atlantis,SD,EL_Transport,2027,0.0
Atlantis,SD,EL_Transport,2028,0.0
Atlantis,SD,EL_Transport,2029,0.0
Atlantis,SD,EL_Transport,2030,0.0
Atlantis,SD,EL_Transport,2031,0.0
Atlantis,SD,EL_Transport,2032,0.0
Atlantis,SD,EL_Transport,2033,0.0
Atlantis,SD,EL_Transport,2034,0.0
Atlantis,SD,EL_Transport,2035,0.0
Atlantis,SD,EL_Transport,2036,0.0
Atlantis,SD,EL_Transport,2037,0.0
Atlantis,SD,EL_Transport,2038,0.0
Atlantis,SD,EL_Transport,2039,0.0
Atlantis,SD,EL_Transport,2040,0.0
Atlantis,SD,EL_Services,2014,0.0
Atlantis,SD,EL_Services,2015,0.0
Atlantis,SD,EL_Services,2016,0.0
Atlantis,SD,EL_Services,2017,0.0
Atlantis,SD,EL_Services,2018,0.0
Atlantis,SD,EL_Services,2019,0.0
Atlantis,SD,EL_Services,2020,0.0
Atlantis,SD,EL_Services,2021,0.0
Atlantis,SD,EL_Services,2022,0.0
Atlantis,SD,EL_Services,2023,0.0
Atlantis,SD,EL_Services,2024,0.0
Atlantis,SD,EL_Services,2025,0.0
Atlantis,SD,EL_Services,2026,0.0
Atlantis,SD,EL_Services,2027,0.0
Atlantis,SD,EL_Services,2028,0.0
Atlantis,SD,EL_Services,2029,0.0
Atlantis,SD,EL_Services,2030,0.0
Atlantis,SD,EL_Services,2031,0.0
Atlantis,SD,EL_Services,2032,0.0
Atlantis,SD,EL_Services,2033,0.0
Atlantis,SD,EL_Services,2034,0.0
Atlantis,SD,EL_Services,2035,0.0
Atlantis,SD,EL_Services,2036,0.0
Atlantis,SD,EL_Services,2037,0.0
Atlantis,SD,EL_Services,2038,0.0
Atlantis,SD,EL_Services,2039,0.0
Atlantis,SD,EL_Services,2040,0.0
Atlantis,SN,HF,2014,0.0
Atlantis,SN,HF,2015,2.05677792
Atlantis,SN,HF,2016,2.05677792
Atlantis,SN,HF,2017,2.05677792
Atlantis,SN,HF,2018,0.0
Atlantis,SN,HF,2019,0.0
Atlantis,SN,HF,2020,0.0
Atlantis,SN,HF,2021,0.0
Atlantis,SN,HF,2022,0.0
Atlantis,SN,HF,2023,0.0
Atlantis,SN,HF,2024,0.0
Atlantis,SN,HF,2025,0.0
Atlantis,SN,HF,2026,0.0
Atlantis,SN,HF,2027,0.0
Atlantis,SN,HF,2028,0.0
Atlantis,SN,HF,2029,0.0
Atlantis,SN,HF,2030,0.0
Atlantis,SN,HF,2031,0.0
Atlantis,SN,HF,2032,0.0
Atlantis,SN,HF,2033,0.0
Atlantis,SN,HF,2034,0.0
Atlantis,SN,HF,2035,0.0
Atlantis,SN,HF,2036,0.0
Atlantis,SN,HF,2037,0.0
Atlantis,SN,HF,2038,0.0
Atlantis,SN,HF,2039,0.0
Atlantis,SN,HF,2040,0.0
Atlantis,SN,DS,2014,0.0
Atlantis,SN,DS,2015,0.0
Atlantis,SN,DS,2016,0.0
Atlantis,SN,DS,2017,0.0
Atlantis,SN,DS,2018,0.0
Atlantis,SN,DS,2019,0.0
Atlantis,SN,DS,2020,0.0
Atlantis,SN,DS,2021,0.0
Atlantis,SN,DS,2022,0.0
Atlantis,SN,DS,2023,0.0
Atlantis,SN,DS,2024,0.0
Atlantis,SN,DS,2025,0.0
Atlantis,SN,DS,2026,0.0
Atlantis,SN,DS,2027,0.0
Atlantis,SN,DS,2028,0.0
Atlantis,SN,DS,2029,0.0
Atlantis,SN,DS,2030,0.0
Atlantis,SN,DS,2031,0.0
Atlantis,SN,DS,2032,0.0
Atlantis,SN,DS,2033,0.0
Atlantis,SN,DS,2034,0.0
Atlantis,SN,DS,2035,0.0
Atlantis,SN,DS,2036,0.0
Atlantis,SN,DS,2037,0.0
Atlantis,SN,DS,2038,0.0
Atlantis,SN,DS,2039,0.0
Atlantis,SN,DS,2040,0.0
Atlantis,SN,NG,2014,6.433533585145259
Atlantis,SN,NG,2015,4.4530878348988
Atlantis,SN,NG,2016,4.789940850972923
Atlantis,SN,NG,2017,5.2602587623498565
Atlantis,SN,NG,2018,5.324976600180749
Atlantis,SN,NG,2019,4.858080978717444
Atlantis,SN,NG,2020,1.2689802789502838
Atlantis,SN,NG,2021,0.7993301672087785
Atlantis,SN,NG,2022,0.9759680118819594
Atlantis,SN,NG,2023,1.2318604445410677
Atlantis,SN,NG,2024,1.3449369871343524
Atlantis,SN,NG,2025,3.730806213819796
Atlantis,SN,NG,2026,1.1780793027745065
Atlantis,SN,NG,2027,1.2287956879289033
Atlantis,SN,NG,2028,1.3853192450445875
Atlantis,SN,NG,2029,4.0692242563231975
Atlantis,SN,NG,2030,4.0692242563231975
Atlantis,SN,NG,2031,1.4281642335145988
Atlantis,SN,NG,2032,1.3358103361460363
Atlantis,SN,NG,2033,1.4864541010550005
Atlantis,SN,NG,2034,1.5617060261930151
Atlantis,SN,NG,2035,1.6375693020637576
Atlantis,SN,NG,2036,1.715478002310107
Atlantis,SN,NG,2037,1.797720350424489
Atlantis,SN,NG,2038,1.8849902555310563
Atlantis,SN,NG,2039,1.976593808505644
Atlantis,SN,NG,2040,2.0708541365885735
Atlantis,SN,CO,2014,1.97068464
Atlantis,SN,CO,2015,1.97068464
Atlantis,SN,CO,2016,1.97068464
Atlantis,SN,CO,2017,1.97068464
Atlantis,SN,CO,2018,1.97068464
Atlantis,SN,CO,2019,1.97068464
Atlantis,SN,CO,2020,1.97068464
Atlantis,SN,CO,2021,1.97068464
Atlantis,SN,CO,2022,1.97068464
Atlantis,SN,CO,2023,1.97068464
Atlantis,SN,CO,2024,1.97068464
Atlantis,SN,CO,2025,1.97068464
Atlantis,SN,CO,2026,1.9706846400000002
Atlantis,SN,CO,2027,1.97068464
Atlantis,SN,CO,2028,1.97068464
Atlantis,SN,CO,2029,1.97068464
Atlantis,SN,CO,2030,1.97068464
Atlantis,SN,CO,2031,1.97068464
Atlantis,SN,CO,2032,1.97068464
Atlantis,SN,CO,2033,1.97068464
Atlantis,SN,CO,2034,1.97068464
Atlantis,SN,CO,2035,1.97068464
Atlantis,SN,CO,2036,1.97068464
Atlantis,SN,CO,2037,1.97068464
Atlantis,SN,CO,2038,1.97068464
Atlantis,SN,CO,2039,1.97068464
Atlantis,SN,CO,2040,1.9706846400000002
Atlantis,SN,UR,2014,0.0
Atlantis,SN,UR,2015,0.0
Atlantis,SN,UR,2016,0.0
Atlantis,SN,UR,2017,0.0
Atlantis,SN,UR,2018,3.948595541406117
Atlantis,SN,UR,2019,4.0040374012591675
Atlantis,SN,UR,2020,10.145751401138325
Atlantis,SN,UR,2021,10.637179371934058
Atlantis,SN,UR,2022,10.637179371934057
Atlantis,SN,UR,2023,10.637179371934057
Atlantis,SN,UR,2024,10.70321952938308
Atlantis,SN,UR,2025,7.256790547656187
Atlantis,SN,UR,2026,10.989909167777606
Atlantis,SN,UR,2027,10.989909167777606
Atlantis,SN,UR,2028,10.989909167777606
Atlantis,SN,UR,2029,7.262717170067803
Atlantis,SN,UR,2030,8.100880434603912
Atlantis,SN,UR,2031,13.396254008349326
Atlantis,SN,UR,2032,14.442918731028325
Atlantis,SN,UR,2033,14.70101445498592
Atlantis,SN,UR,2034,14.86549392044549
Atlantis,SN,UR,2035,15.03597092125352
Atlantis,SN,UR,2036,15.212201443699675
Atlantis,SN,UR,2037,15.398395700766878
Atlantis,SN,UR,2038,15.593947491353497
Atlantis,SN,UR,2039,15.799463016561159
Atlantis,SN,UR,2040,16.01672959875541
Atlantis,SN,EL_Transmission,2014,6.939240453587954
Atlantis,SN,EL_Transmission,2015,6.9743518472188315
Atlantis,SN,EL_Transmission,2016,7.129298036765346
Atlantis,SN,EL_Transmission,2017,7.345635622495305
Atlantis,SN,EL_Transmission,2018,7.613903299558767
Atlantis,SN,EL_Transmission,2019,7.987684572581296
Atlantis,SN,EL_Transmission,2020,8.2403933794854
Atlantis,SN,EL_Transmission,2021,8.538304798641951
Atlantis,SN,EL_Transmission,2022,8.849041262188972
Atlantis,SN,EL_Transmission,2023,9.186057728288562
Atlantis,SN,EL_Transmission,2024,9.405129139787412
Atlantis,SN,EL_Transmission,2025,9.568906720412237
Atlantis,SN,EL_Transmission,2026,9.742775519658636
Atlantis,SN,EL_Transmission,2027,9.932833102836025
Atlantis,SN,EL_Transmission,2028,10.139079469944411
Atlantis,SN,EL_Transmission,2029,10.368242100064837
Atlantis,SN,EL_Transmission,2030,10.619691079425671
Atlantis,SN,EL_Transmission,2031,10.88249110495135
Atlantis,SN,EL_Transmission,2032,11.150128868243177
Atlantis,SN,EL_Transmission,2033,11.422390198618796
Atlantis,SN,EL_Transmission,2034,11.697385354763309
Atlantis,SN,EL_Transmission,2035,11.9778481624456
Atlantis,SN,EL_Transmission,2036,12.269662016292738
Atlantis,SN,EL_Transmission,2037,12.577664654070869
Atlantis,SN,EL_Transmission,2038,12.90185607577999
Atlantis,SN,EL_Transmission,2039,13.2422362814201
Atlantis,SN,EL_Transmission,2040,13.59943518476284
Atlantis,SN,EL_Distribution,2014,6.940986398693418
Atlantis,SN,EL_Distribution,2015,6.975564099141105
Atlantis,SN,EL_Distribution,2016,7.1281551066065125
Atlantis,SN,EL_Distribution,2017,7.341204361033378
Atlantis,SN,EL_Distribution,2018,7.605394369405474
Atlantis,SN,EL_Distribution,2019,7.866271767078061
Atlantis,SN,EL_Distribution,2020,8.115139400117222
Atlantis,SN,EL_Distribution,2021,8.408522565702594
Atlantis,SN,EL_Distribution,2022,8.7145358350037
Atlantis,SN,EL_Distribution,2023,9.046429650818576
Atlantis,SN,EL_Distribution,2024,9.262171176862646
Atlantis,SN,EL_Distribution,2025,9.42345933826197
Atlantis,SN,EL_Distribution,2026,9.594685331759825
Atlantis,SN,EL_Distribution,2027,9.781854039672918
Atlantis,SN,EL_Distribution,2028,9.984965462001258
Atlantis,SN,EL_Distribution,2029,10.210644820143852
Atlantis,SN,EL_Distribution,2030,10.458271775018401
Atlantis,SN,EL_Distribution,2031,10.71707724015609
Atlantis,SN,EL_Distribution,2032,10.98064690944588
Atlantis,SN,EL_Distribution,2033,11.24876986759979
Atlantis,SN,EL_Distribution,2034,11.519585097370907
Atlantis,SN,EL_Distribution,2035,11.795784870376428
Atlantis,SN,EL_Distribution,2036,12.08316315364509
Atlantis,SN,EL_Distribution,2037,12.386484151328991
Atlantis,SN,EL_Distribution,2038,12.705747863428135
Atlantis,SN,EL_Distribution,2039,13.040954289942519
Atlantis,SN,EL_Distribution,2040,13.392723769954449
Atlantis,SN,EL_Industry,2014,0.0
Atlantis,SN,EL_Industry,2015,0.0
Atlantis,SN,EL_Industry,2016,0.0
Atlantis,SN,EL_Industry,2017,0.0
Atlantis,SN,EL_Industry,2018,0.0
Atlantis,SN,EL_Industry,2019,0.0
Atlantis,SN,EL_Industry,2020,0.0
Atlantis,SN,EL_Industry,2021,0.0
Atlantis,SN,EL_Industry,2022,0.0
Atlantis,SN,EL_Industry,2023,0.0
Atlantis,SN,EL_Industry,2024,0.0
Atlantis,SN,EL_Industry,2025,0.0
Atlantis,SN,EL_Industry,2026,0.0
Atlantis,SN,EL_Industry,2027,0.0
Atlantis,SN,EL_Industry,2028,0.0
Atlantis,SN,EL_Industry,2029,0.0
Atlantis,SN,EL_Industry,2030,0.0
Atlantis,SN,EL_Industry,2031,0.0
Atlantis,SN,EL_Industry,2032,0.0
Atlantis,SN,EL_Industry,2033,0.0
Atlantis,SN,EL_Industry,2034,0.0
Atlantis,SN,EL_Industry,2035,0.0
Atlantis,SN,EL_Industry,2036,0.0
Atlantis,SN,EL_Industry,2037,0.0
Atlantis,SN,EL_Industry,2038,0.0
Atlantis,SN,EL_Industry,2039,0.0
Atlantis,SN,EL_Industry,2040,0.0
Atlantis,SN,EL_Residential,2014,0.0
Atlantis,SN,EL_Residential,2015,0.0
Atlantis,SN,EL_Residential,2016,0.0
Atlantis,SN,EL_Residential,2017,0.0
Atlantis,SN,EL_Residential,2018,0.0
Atlantis,SN,EL_Residential,2019,0.0
Atlantis,SN,EL_Residential,2020,0.0
Atlantis,SN,EL_Residential,2021,0.0
Atlantis,SN,EL_Residential,2022,0.0
Atlantis,SN,EL_Residential,2023,0.0
Atlantis,SN,EL_Residential,2024,0.0
Atlantis,SN,EL_Residential,2025,0.0
Atlantis,SN,EL_Residential,2026,0.0
Atlantis,SN,EL_Residential,2027,0.0
Atlantis,SN,EL_Residential,2028,0.0
Atlantis,SN,EL_Residential,2029,0.0
Atlantis,SN,EL_Residential,2030,0.0
Atlantis,SN,EL_Residential,2031,0.0
Atlantis,SN,EL_Residential,2032,0.0
Atlantis,SN,EL_Residential,2033,0.0
Atlantis,SN,EL_Residential,2034,0.0
Atlantis,SN,EL_Residential,2035,0.0
Atlantis,SN,EL_Residential,2036,0.0
Atlantis,SN,EL_Residential,2037,0.0
Atlantis,SN,EL_Residential,2038,0.0
Atlantis,SN,EL_Residential,2039,0.0
Atlantis,SN,EL_Residential,2040,0.0
Atlantis,SN,EL_Transport,2014,0.0
Atlantis,SN,EL_Transport,2015,0.0
Atlantis,SN,EL_Transport,2016,0.0
Atlantis,SN,EL_Transport,2017,0.0
Atlantis,SN,EL_Transport,2018,0.0
Atlantis,SN,EL_Transport,2019,0.0
Atlantis,SN,EL_Transport,2020,0.0
Atlantis,SN,EL_Transport,2021,0.0
Atlantis,SN,EL_Transport,2022,0.0
Atlantis,SN,EL_Transport,2023,0.0
Atlantis,SN,EL_Transport,2024,0.0
Atlantis,SN,EL_Transport,2025,0.0
Atlantis,SN,EL_Transport,2026,0.0
Atlantis,SN,EL_Transport,2027,0.0
Atlantis,SN,EL_Transport,2028,0.0
Atlantis,SN,EL_Transport,2029,0.0
Atlantis,SN,EL_Transport,2030,0.0
Atlantis,SN,EL_Transport,2031,0.0
Atlantis,SN,EL_Transport,2032,0.0
Atlantis,SN,EL_Transport,2033,0.0
Atlantis,SN,EL_Transport,2034,0.0
Atlantis,SN,EL_Transport,2035,0.0
Atlantis,SN,EL_Transport,2036,0.0
Atlantis,SN,EL_Transport,2037,0.0
Atlantis,SN,EL_Transport,2038,0.0
Atlantis,SN,EL_Transport,2039,0.0
Atlantis,SN,EL_Transport,2040,0.0
Atlantis,SN,EL_Services,2014,0.0
Atlantis,SN,EL_Services,2015,0.0
Atlantis,SN,EL_Services,2016,0.0
Atlantis,SN,EL_Services,2017,0.0
Atlantis,SN,EL_Services,2018,0.0
Atlantis,SN,EL_Services,2019,0.0
Atlantis,SN,EL_Services,2020,0.0
Atlantis,SN,EL_Services,2021,0.0
Atlantis,SN,EL_Services,2022,0.0
Atlantis,SN,EL_Services,2023,0.0
Atlantis,SN,EL_Services,2024,0.0
Atlantis,SN,EL_Services,2025,0.0
Atlantis,SN,EL_Services,2026,0.0
Atlantis,SN,EL_Services,2027,0.0
Atlantis,SN,EL_Services,2028,0.0
Atlantis,SN,EL_Services,2029,0.0
Atlantis,SN,EL_Services,2030,0.0
Atlantis,SN,EL_Services,2031,0.0
Atlantis,SN,EL_Services,2032,0.0
Atlantis,SN,EL_Services,2033,0.0
Atlantis,SN,EL_Services,2034,0.0
Atlantis,SN,EL_Services,2035,0.0
Atlantis,SN,EL_Services,2036,0.0
Atlantis,SN,EL_Services,2037,0.0
Atlantis,SN,EL_Services,2038,0.0
Atlantis,SN,EL_Services,2039,0.0
Atlantis,SN,EL_Services,2040,0.0
Atlantis,WD,HF,2014,0.0
Atlantis,WD,HF,2015,0.26088962432420654
Atlantis,WD,HF,2016,0.5329758358521476
Atlantis,WD,HF,2017,0.9099496423560195
Atlantis,WD,HF,2018,0.0
Atlantis,WD,HF,2019,0.0
Atlantis,WD,HF,2020,0.0
Atlantis,WD,HF,2021,0.0
Atlantis,WD,HF,2022,0.0
Atlantis,WD,HF,2023,0.0
Atlantis,WD,HF,2024,0.0
Atlantis,WD,HF,2025,0.0
Atlantis,WD,HF,2026,0.0
Atlantis,WD,HF,2027,0.0
Atlantis,WD,HF,2028,0.0
Atlantis,WD,HF,2029,0.0
Atlantis,WD,HF,2030,0.0
Atlantis,WD,HF,2031,0.0
Atlantis,WD,HF,2032,0.0
Atlantis,WD,HF,2033,0.0
Atlantis,WD,HF,2034,0.0
Atlantis,WD,HF,2035,0.0
Atlantis,WD,HF,2036,0.0
Atlantis,WD,HF,2037,0.0
Atlantis,WD,HF,2038,0.0
Atlantis,WD,HF,2039,0.0
Atlantis,WD,HF,2040,0.0
Atlantis,WD,DS,2014,0.0
Atlantis,WD,DS,2015,0.0
Atlantis,WD,DS,2016,0.0
Atlantis,WD,DS,2017,0.0
Atlantis,WD,DS,2018,0.0
Atlantis,WD,DS,2019,0.0
Atlantis,WD,DS,2020,0.0
Atlantis,WD,DS,2021,0.0
Atlantis,WD,DS,2022,0.0
Atlantis,WD,DS,2023,0.0
Atlantis,WD,DS,2024,0.0
Atlantis,WD,DS,2025,0.0
Atlantis,WD,DS,2026,0.0
Atlantis,WD,DS,2027,0.0
Atlantis,WD,DS,2028,0.0
Atlantis,WD,DS,2029,0.0
Atlantis,WD,DS,2030,0.0
Atlantis,WD,DS,2031,0.0
Atlantis,WD,DS,2032,0.0
Atlantis,WD,DS,2033,0.0
Atlantis,WD,DS,2034,0.0
Atlantis,WD,DS,2035,0.0
Atlantis,WD,DS,2036,0.0
Atlantis,WD,DS,2037,0.0
Atlantis,WD,DS,2038,0.0
Atlantis,WD,DS,2039,0.0
Atlantis,WD,DS,2040,0.0
Atlantis,WD,NG,2014,0.20142616805036498
Atlantis,WD,NG,2015,3.331002174092879e-16
Atlantis,WD,NG,2016,-9.993006522278637e-16
Atlantis,WD,NG,2017,0.0
Atlantis,WD,NG,2018,0.0
Atlantis,WD,NG,2019,0.019079999023406232
Atlantis,WD,NG,2020,0.0
Atlantis,WD,NG,2021,0.0
Atlantis,WD,NG,2022,0.0
Atlantis,WD,NG,2023,0.0
Atlantis,WD,NG,2024,0.0
Atlantis,WD,NG,2025,0.1026232944259479
Atlantis,WD,NG,2026,0.0
Atlantis,WD,NG,2027,0.0
Atlantis,WD,NG,2028,0.0
Atlantis,WD,NG,2029,0.0
Atlantis,WD,NG,2030,0.19349854903333352
Atlantis,WD,NG,2031,0.0
Atlantis,WD,NG,2032,0.0
Atlantis,WD,NG,2033,0.0
Atlantis,WD,NG,2034,0.0
Atlantis,WD,NG,2035,0.0
Atlantis,WD,NG,2036,0.0
Atlantis,WD,NG,2037,0.0
Atlantis,WD,NG,2038,0.0
Atlantis,WD,NG,2039,0.0
Atlantis,WD,NG,2040,0.0
Atlantis,WD,CO,2014,1.9706846400000002
Atlantis,WD,CO,2015,1.9706846400000002
Atlantis,WD,CO,2016,1.9706846400000002
Atlantis,WD,CO,2017,1.9706846400000002
Atlantis,WD,CO,2018,1.9706846400000002
Atlantis,WD,CO,2019,1.9706846400000002
Atlantis,WD,CO,2020,1.9706846400000002
Atlantis,WD,CO,2021,1.9706846400000002
Atlantis,WD,CO,2022,1.9706846400000002
Atlantis,WD,CO,2023,1.9706846400000002
Atlantis,WD,CO,2024,1.9706846400000002
Atlantis,WD,CO,2025,1.9706846400000002
Atlantis,WD,CO,2026,1.9706846400000004
Atlantis,WD,CO,2027,1.9706846400000002
Atlantis,WD,CO,2028,1.9706846400000002
Atlantis,WD,CO,2029,1.9706846400000002
Atlantis,WD,CO,2030,1.9706846400000002
Atlantis,WD,CO,2031,0.8900433337338469
Atlantis,WD,CO,2032,1.5733146341015614
Atlantis,WD,CO,2033,1.9706846400000002
Atlantis,WD,CO,2034,1.9706846400000002
Atlantis,WD,CO,2035,1.9706846400000002
Atlantis,WD,CO,2036,1.9706846400000002
Atlantis,WD,CO,2037,1.9706846400000002
Atlantis,WD,CO,2038,1.9706846400000002
Atlantis,WD,CO,2039,1.9706846400000002
Atlantis,WD,CO,2040,1.9706846400000002
Atlantis,WD,UR,2014,0.0
Atlantis,WD,UR,2015,0.0
Atlantis,WD,UR,2016,0.0
Atlantis,WD,UR,2017,0.0
Atlantis,WD,UR,2018,2.1109245030676034
Atlantis,WD,UR,2019,2.0345050582741293
Atlantis,WD,UR,2020,2.539764543572305
Atlantis,WD,UR,2021,2.222856694042832
Atlantis,WD,UR,2022,2.1275032450419107
Atlantis,WD,UR,2023,2.0046251760595712
Atlantis,WD,UR,2024,1.8900748335965454
Atlantis,WD,UR,2025,2.1554858157277392
Atlantis,WD,UR,2026,1.674684043205017
Atlantis,WD,UR,2027,1.63438000128106
Atlantis,WD,UR,2028,1.5592439015378636
Atlantis,WD,UR,2029,2.1710215239508144
Atlantis,WD,UR,2030,2.515886237957902
Atlantis,WD,UR,2031,5.2733237326226226
Atlantis,WD,UR,2032,4.891965504582638
Atlantis,WD,UR,2033,4.400733593489641
Atlantis,WD,UR,2034,4.214226443435991
Atlantis,WD,UR,2035,4.021568873452153
Atlantis,WD,UR,2036,3.822458228969946
Atlantis,WD,UR,2037,3.6121812854478375
Atlantis,WD,UR,2038,3.3910293606073187
Atlantis,WD,UR,2039,3.158711136726853
Atlantis,WD,UR,2040,2.913789418417862
Atlantis,WD,EL_Transmission,2014,5.500281414598453
Atlantis,WD,EL_Transmission,2015,5.527633510400588
Atlantis,WD,EL_Transmission,2016,5.652788161517396
Atlantis,WD,EL_Transmission,2017,5.826189176468583
Atlantis,WD,EL_Transmission,2018,6.040906434308815
Atlantis,WD,EL_Transmission,2019,6.396838759767521
Atlantis,WD,EL_Transmission,2020,6.599953338482072
Atlantis,WD,EL_Transmission,2021,6.838609583700983
Atlantis,WD,EL_Transmission,2022,7.087083238218318
Atlantis,WD,EL_Transmission,2023,7.356923454473658
Atlantis,WD,EL_Transmission,2024,7.532109739257161
Atlantis,WD,EL_Transmission,2025,7.663249924401264
Atlantis,WD,EL_Transmission,2026,7.802894542680406
Atlantis,WD,EL_Transmission,2027,7.9554012895625155
Atlantis,WD,EL_Transmission,2028,8.12061273385294
Atlantis,WD,EL_Transmission,2029,8.304146020576827
Atlantis,WD,EL_Transmission,2030,8.504741700176966
Atlantis,WD,EL_Transmission,2031,8.716045849637252
Atlantis,WD,EL_Transmission,2032,8.92966108903501
Atlantis,WD,EL_Transmission,2033,9.148367653267776
Atlantis,WD,EL_Transmission,2034,9.368702056053229
Atlantis,WD,EL_Transmission,2035,9.592134704749409
Atlantis,WD,EL_Transmission,2036,9.826275823305734
Atlantis,WD,EL_Transmission,2037,10.073279070465032
Atlantis,WD,EL_Transmission,2038,10.332987015032652
Atlantis,WD,EL_Transmission,2039,10.60555708820323
Atlantis,WD,EL_Transmission,2040,10.891933877144693
Atlantis,WD,EL_Distribution,2014,5.558589137096557
Atlantis,WD,EL_Distribution,2015,5.5855254810425
Atlantis,WD,EL_Distribution,2016,5.708777781462332
Atlantis,WD,EL_Distribution,2017,5.879543100986261
Atlantis,WD,EL_Distribution,2018,6.090996656507322
Atlantis,WD,EL_Distribution,2019,6.299606810619055
Atlantis,WD,EL_Distribution,2020,6.499634047737144
Atlantis,WD,EL_Distribution,2021,6.734662718028727
Atlantis,WD,EL_Distribution,2022,6.979359572997401
Atlantis,WD,EL_Distribution,2023,7.24509821796566
Atlantis,WD,EL_Distribution,2024,7.417621671220452
Atlantis,WD,EL_Distribution,2025,7.546768525550365
Atlantis,WD,EL_Distribution,2026,7.684290545631664
Atlantis,WD,EL_Distribution,2027,7.834479189961166
Atlantis,WD,EL_Distribution,2028,7.997179420298378
Atlantis,WD,EL_Distribution,2029,8.177923001064062
Atlantis,WD,EL_Distribution,2030,8.37546962633428
Atlantis,WD,EL_Distribution,2031,8.583561952722766
Atlantis,WD,EL_Distribution,2032,8.793930240481679
Atlantis,WD,EL_Distribution,2033,9.009312464938105
Atlantis,WD,EL_Distribution,2034,9.22629778480122
Atlantis,WD,EL_Distribution,2035,9.446334257237218
Atlantis,WD,EL_Distribution,2036,9.67691643079149
Atlantis,WD,EL_Distribution,2037,9.920165228593966
Atlantis,WD,EL_Distribution,2038,10.175925612404155
Atlantis,WD,EL_Distribution,2039,10.444352620462544
Atlantis,WD,EL_Distribution,2040,10.726376482212094
Atlantis,WD,EL_Industry,2014,0.0
Atlantis,WD,EL_Industry,2015,0.0
Atlantis,WD,EL_Industry,2016,0.0
Atlantis,WD,EL_Industry,2017,0.0
Atlantis,WD,EL_Industry,2018,0.0
Atlantis,WD,EL_Industry,2019,0.0
Atlantis,WD,EL_Industry,2020,0.0
Atlantis,WD,EL_Industry,2021,0.0
Atlantis,WD,EL_Industry,2022,0.0
Atlantis,WD,EL_Industry,2023,0.0
Atlantis,WD,EL_Industry,2024,0.0
Atlantis,WD,EL_Industry,2025,0.0
Atlantis,WD,EL_Industry,2026,0.0
Atlantis,WD,EL_Industry,2027,0.0
Atlantis,WD,EL_Industry,2028,0.0
Atlantis,WD,EL_Industry,2029,0.0
Atlantis,WD,EL_Industry,2030,0.0
Atlantis,WD,EL_Industry,2031,0.0
Atlantis,WD,EL_Industry,2032,0.0
Atlantis,WD,EL_Industry,2033,0.0
Atlantis,WD,EL_Industry,2034,0.0
Atlantis,WD,EL_Industry,2035,0.0
Atlantis,WD,EL_Industry,2036,0.0
Atlantis,WD,EL_Industry,2037,0.0
Atlantis,WD,EL_Industry,2038,0.0
Atlantis,WD,EL_Industry,2039,0.0
Atlantis,WD,EL_Industry,2040,0.0
Atlantis,WD,EL_Residential,2014,0.0
Atlantis,WD,EL_Residential,2015,0.0
Atlantis,WD,EL_Residential,2016,0.0
Atlantis,WD,EL_Residential,2017,0.0
Atlantis,WD,EL_Residential,2018,0.0
Atlantis,WD,EL_Residential,2019,0.0
Atlantis,WD,EL_Residential,2020,0.0
Atlantis,WD,EL_Residential,2021,0.0
Atlantis,WD,EL_Residential,2022,0.0
Atlantis,WD,EL_Residential,2023,0.0
Atlantis,WD,EL_Residential,2024,0.0
Atlantis,WD,EL_Residential,2025,0.0
Atlantis,WD,EL_Residential,2026,0.0
Atlantis,WD,EL_Residential,2027,0.0
Atlantis,WD,EL_Residential,2028,0.0
Atlantis,WD,EL_Residential,2029,0.0
Atlantis,WD,EL_Residential,2030,0.0
Atlantis,WD,EL_Residential,2031,0.0
Atlantis,WD,EL_Residential,2032,0.0
Atlantis,WD,EL_Residential,2033,0.0
Atlantis,WD,EL_Residential,2034,0.0
Atlantis,WD,EL_Residential,2035,0.0
Atlantis,WD,EL_Residential,2036,0.0
Atlantis,WD,EL_Residential,2037,0.0
Atlantis,WD,EL_Residential,2038,0.0
Atlantis,WD,EL_Residential,2039,0.0
Atlantis,WD,EL_Residential,2040,0.0
Atlantis,WD,EL_Transport,2014,0.0
Atlantis,WD,EL_Transport,2015,0.0
Atlantis,WD,EL_Transport,2016,0.0
Atlantis,WD,EL_Transport,2017,0.0
Atlantis,WD,EL_Transport,2018,0.0
Atlantis,WD,EL_Transport,2019,0.0
Atlantis,WD,EL_Transport,2020,0.0
Atlantis,WD,EL_Transport,2021,0.0
Atlantis,WD,EL_Transport,2022,0.0
Atlantis,WD,EL_Transport,2023,0.0
Atlantis,WD,EL_Transport,2024,0.0
Atlantis,WD,EL_Transport,2025,0.0
Atlantis,WD,EL_Transport,2026,0.0
Atlantis,WD,EL_Transport,2027,0.0
Atlantis,WD,EL_Transport,2028,0.0
Atlantis,WD,EL_Transport,2029,0.0
Atlantis,WD,EL_Transport,2030,0.0
Atlantis,WD,EL_Transport,2031,0.0
Atlantis,WD,EL_Transport,2032,0.0
Atlantis,WD,EL_Transport,2033,0.0
Atlantis,WD,EL_Transport,2034,0.0
Atlantis,WD,EL_Transport,2035,0.0
Atlantis,WD,EL_Transport,2036,0.0
Atlantis,WD,EL_Transport,2037,0.0
Atlantis,WD,EL_Transport,2038,0.0
Atlantis,WD,EL_Transport,2039,0.0
Atlantis,WD,EL_Transport,2040,0.0
Atlantis,WD,EL_Services,2014,0.0
Atlantis,WD,EL_Services,2015,0.0
Atlantis,WD,EL_Services,2016,0.0
Atlantis,WD,EL_Services,2017,0.0
Atlantis,WD,EL_Services,2018,0.0
Atlantis,WD,EL_Services,2019,0.0
Atlantis,WD,EL_Services,2020,0.0
Atlantis,WD,EL_Services,2021,0.0
Atlantis,WD,EL_Services,2022,0.0
Atlantis,WD,EL_Services,2023,0.0
Atlantis,WD,EL_Services,2024,0.0
Atlantis,WD,EL_Services,2025,0.0
Atlantis,WD,EL_Services,2026,0.0
Atlantis,WD,EL_Services,2027,0.0
Atlantis,WD,EL_Services,2028,0.0
Atlantis,WD,EL_Services,2029,0.0
Atlantis,WD,EL_Services,2030,0.0
Atlantis,WD,EL_Services,2031,0.0
Atlantis,WD,EL_Services,2032,0.0
Atlantis,WD,EL_Services,2033,0.0
Atlantis,WD,EL_Services,2034,0.0
Atlantis,WD,EL_Services,2035,0.0
Atlantis,WD,EL_Services,2036,0.0
Atlantis,WD,EL_Services,2037,0.0
Atlantis,WD,EL_Services,2038,0.0
Atlantis,WD,EL_Services,2039,0.0
Atlantis,WD,EL_Services,2040,0.0
Atlantis,WN,HF,2014,0.0
Atlantis,WN,HF,2015,1.351792684966769
Atlantis,WN,HF,2016,1.646440956695722
Atlantis,WN,HF,2017,2.0567779199999996
Atlantis,WN,HF,2018,0.0
Atlantis,WN,HF,2019,0.0
Atlantis,WN,HF,2020,0.0
Atlantis,WN,HF,2021,0.0
Atlantis,WN,HF,2022,0.0
Atlantis,WN,HF,2023,0.0
Atlantis,WN,HF,2024,0.0
Atlantis,WN,HF,2025,0.0
Atlantis,WN,HF,2026,0.0
Atlantis,WN,HF,2027,0.0
Atlantis,WN,HF,2028,0.0
Atlantis,WN,HF,2029,0.0
Atlantis,WN,HF,2030,0.0
Atlantis,WN,HF,2031,0.0
Atlantis,WN,HF,2032,0.0
Atlantis,WN,HF,2033,0.0
Atlantis,WN,HF,2034,0.0
Atlantis,WN,HF,2035,0.0
Atlantis,WN,HF,2036,0.0
Atlantis,WN,HF,2037,0.0
Atlantis,WN,HF,2038,0.0
Atlantis,WN,HF,2039,0.0
Atlantis,WN,HF,2040,0.0
Atlantis,WN,DS,2014,0.0
Atlantis,WN,DS,2015,0.0
Atlantis,WN,DS,2016,0.0
Atlantis,WN,DS,2017,0.0
Atlantis,WN,DS,2018,0.0
Atlantis,WN,DS,2019,0.0
Atlantis,WN,DS,2020,0.0
Atlantis,WN,DS,2021,0.0
Atlantis,WN,DS,2022,0.0
Atlantis,WN,DS,2023,0.0
Atlantis,WN,DS,2024,0.0
Atlantis,WN,DS,2025,0.0
Atlantis,WN,DS,2026,0.0
Atlantis,WN,DS,2027,0.0
Atlantis,WN,DS,2028,0.0
Atlantis,WN,DS,2029,0.0
Atlantis,WN,DS,2030,0.0
Atlantis,WN,DS,2031,0.0
Atlantis,WN,DS,2032,0.0
Atlantis,WN,DS,2033,0.0
Atlantis,WN,DS,2034,0.0
Atlantis,WN,DS,2035,0.0
Atlantis,WN,DS,2036,0.0
Atlantis,WN,DS,2037,0.0
Atlantis,WN,DS,2038,0.0
Atlantis,WN,DS,2039,0.0
Atlantis,WN,DS,2040,0.0
Atlantis,WN,NG,2014,1.2858666909624692
Atlantis,WN,NG,2015,0.0
Atlantis,WN,NG,2016,0.0
Atlantis,WN,NG,2017,0.0
Atlantis,WN,NG,2018,0.0
Atlantis,WN,NG,2019,0.019079999023406232
Atlantis,WN,NG,2020,0.0
Atlantis,WN,NG,2021,0.0
Atlantis,WN,NG,2022,0.0
Atlantis,WN,NG,2023,0.0
Atlantis,WN,NG,2024,0.0
Atlantis,WN,NG,2025,0.0
Atlantis,WN,NG,2026,0.0
Atlantis,WN,NG,2027,0.0
Atlantis,WN,NG,2028,0.0
Atlantis,WN,NG,2029,0.0
Atlantis,WN,NG,2030,3.194030142377516
Atlantis,WN,NG,2031,0.0
Atlantis,WN,NG,2032,0.0
Atlantis,WN,NG,2033,0.0
Atlantis,WN,NG,2034,0.0
Atlantis,WN,NG,2035,0.0
Atlantis,WN,NG,2036,0.0
Atlantis,WN,NG,2037,0.0
Atlantis,WN,NG,2038,0.0
Atlantis,WN,NG,2039,0.0
Atlantis,WN,NG,2040,0.0
Atlantis,WN,CO,2014,1.9706846400000002
Atlantis,WN,CO,2015,1.9706846400000002
Atlantis,WN,CO,2016,1.9706846400000002
Atlantis,WN,CO,2017,1.9706846400000002
Atlantis,WN,CO,2018,1.9706846400000002
Atlantis,WN,CO,2019,1.9706846400000002
Atlantis,WN,CO,2020,1.9706846400000002
Atlantis,WN,CO,2021,1.9706846400000002
Atlantis,WN,CO,2022,1.9706846400000002
Atlantis,WN,CO,2023,1.9706846400000002
Atlantis,WN,CO,2024,1.9706846400000002
Atlantis,WN,CO,2025,1.9706846400000002
Atlantis,WN,CO,2026,1.9706846400000002
Atlantis,WN,CO,2027,1.9706846400000002
Atlantis,WN,CO,2028,1.9706846400000002
Atlantis,WN,CO,2029,1.9706846400000002
Atlantis,WN,CO,2030,1.9706846400000002
Atlantis,WN,CO,2031,0.0
Atlantis,WN,CO,2032,1.9706846400000002
Atlantis,WN,CO,2033,1.9706846400000002
Atlantis,WN,CO,2034,1.9706846400000002
Atlantis,WN,CO,2035,1.9706846400000002
Atlantis,WN,CO,2036,1.9706846400000002
Atlantis,WN,CO,2037,1.9706846400000002
Atlantis,WN,CO,2038,1.9706846400000002
Atlantis,WN,CO,2039,1.9706846400000002
Atlantis,WN,CO,2040,1.9706846400000004
Atlantis,WN,UR,2014,0.0
Atlantis,WN,UR,2015,0.0
Atlantis,WN,UR,2016,0.0
Atlantis,WN,UR,2017,0.0
Atlantis,WN,UR,2018,3.932000154516134
Atlantis,WN,UR,2019,3.918500880509775
Atlantis,WN,UR,2020,4.482828096729752
Atlantis,WN,UR,2021,4.236997563762306
Atlantis,WN,UR,2022,4.214579239044077
Atlantis,WN,UR,2023,4.171392935233792
Atlantis,WN,UR,2024,4.109747810062328
Atlantis,WN,UR,2025,4.584627723166869
Atlantis,WN,UR,2026,3.9729986139463227
Atlantis,WN,UR,2027,3.977197175535927
Atlantis,WN,UR,2028,3.9511151124166752
Atlantis,WN,UR,2029,4.616954248201366
Atlantis,WN,UR,2030,0.0
Atlantis,WN,UR,2031,9.263792415970109
Atlantis,WN,UR,2032,6.886913808089051
Atlantis,WN,UR,2033,7.094950604660749
Atlantis,WN,UR,2034,6.974513294421357
Atlantis,WN,UR,2035,6.848384126284589
Atlantis,WN,UR,2036,6.717900122582357
Atlantis,WN,UR,2037,6.57985679170245
Atlantis,WN,UR,2038,6.435489912614496
Atlantis,WN,UR,2039,6.2835637063488745
Atlantis,WN,UR,2040,6.12159080662042
Atlantis,WN,EL_Transmission,2014,5.9991041022305165
Atlantis,WN,EL_Transmission,2015,6.029428846482721
Atlantis,WN,EL_Transmission,2016,6.164961630166697
Atlantis,WN,EL_Transmission,2017,6.353709083388533
Atlantis,WN,EL_Transmission,2018,6.587229129743376
Atlantis,WN,EL_Transmission,2019,6.962037506438216
Atlantis,WN,EL_Transmission,2020,7.1828724044293075
Atlantis,WN,EL_Transmission,2021,7.442851844616826
Atlantis,WN,EL_Transmission,2022,7.71320603641897
Atlantis,WN,EL_Transmission,2023,8.006953782225924
Atlantis,WN,EL_Transmission,2024,8.198011632196897
Atlantis,WN,EL_Transmission,2025,8.340475606128258
Atlantis,WN,EL_Transmission,2026,8.492388913902799
Atlantis,WN,EL_Transmission,2027,8.658246441838978
Atlantis,WN,EL_Transmission,2028,8.838174097116589
Atlantis,WN,EL_Transmission,2029,9.037925837851995
Atlantis,WN,EL_Transmission,2030,9.256242592247302
Atlantis,WN,EL_Transmission,2031,9.485897288182617
Atlantis,WN,EL_Transmission,2032,9.718913705818302
Atlantis,WN,EL_Transmission,2033,9.956632756619108
Atlantis,WN,EL_Transmission,2034,10.19678811134884
Atlantis,WN,EL_Transmission,2035,10.440179280599143
Atlantis,WN,EL_Transmission,2036,10.694908391389461
Atlantis,WN,EL_Transmission,2037,10.963581722341418
Atlantis,WN,EL_Transmission,2038,11.246325180634807
Atlantis,WN,EL_Transmission,2039,11.54301285908984
Atlantis,WN,EL_Transmission,2040,11.85427429360546
Atlantis,WN,EL_Distribution,2014,6.049829719876613
Atlantis,WN,EL_Distribution,2015,6.0796935280161835
Atlantis,WN,EL_Distribution,2016,6.213166213388163
Atlantis,WN,EL_Distribution,2017,6.399044705321029
Atlantis,WN,EL_Distribution,2018,6.629015246971276
Atlantis,WN,EL_Distribution,2019,6.856214536340356
Atlantis,WN,EL_Distribution,2020,7.073692743881982
Atlantis,WN,EL_Distribution,2021,7.329720496578651
Atlantis,WN,EL_Distribution,2022,7.595965304665401
Atlantis,WN,EL_Distribution,2023,7.885248084736093
Atlantis,WN,EL_Distribution,2024,8.073401855387504
Atlantis,WN,EL_Distribution,2025,8.213700376915112
Atlantis,WN,EL_Distribution,2026,8.363304602411477
Atlantis,WN,EL_Distribution,2027,8.526641095923026
Atlantis,WN,EL_Distribution,2028,8.703833850840416
Atlantis,WN,EL_Distribution,2029,8.900549365116644
Atlantis,WN,EL_Distribution,2030,9.115547704845143
Atlantis,WN,EL_Distribution,2031,9.341711649402242
Atlantis,WN,EL_Distribution,2032,9.571186217489863
Atlantis,WN,EL_Distribution,2033,9.8052919387185
Atlantis,WN,EL_Distribution,2034,10.041796932056336
Atlantis,WN,EL_Distribution,2035,10.281488555534038
Atlantis,WN,EL_Distribution,2036,10.532345783840341
Atlantis,WN,EL_Distribution,2037,10.79693528016183
Atlantis,WN,EL_Distribution,2038,11.075381037889159
Atlantis,WN,EL_Distribution,2039,11.367559063631676
Atlantis,WN,EL_Distribution,2040,11.67408932434266
Atlantis,WN,EL_Industry,2014,0.0
Atlantis,WN,EL_Industry,2015,0.0
Atlantis,WN,EL_Industry,2016,0.0
Atlantis,WN,EL_Industry,2017,0.0
Atlantis,WN,EL_Industry,2018,0.0
Atlantis,WN,EL_Industry,2019,0.0
Atlantis,WN,EL_Industry,2020,0.0
Atlantis,WN,EL_Industry,2021,0.0
Atlantis,WN,EL_Industry,2022,0.0
Atlantis,WN,EL_Industry,2023,0.0
Atlantis,WN,EL_Industry,2024,0.0
Atlantis,WN,EL_Industry,2025,0.0
Atlantis,WN,EL_Industry,2026,0.0
Atlantis,WN,EL_Industry,2027,0.0
Atlantis,WN,EL_Industry,2028,0.0
Atlantis,WN,EL_Industry,2029,0.0
Atlantis,WN,EL_Industry,2030,0.0
Atlantis,WN,EL_Industry,2031,0.0
Atlantis,WN,EL_Industry,2032,0.0
Atlantis,WN,EL_Industry,2033,0.0
Atlantis,WN,EL_Industry,2034,0.0
Atlantis,WN,EL_Industry,2035,0.0
Atlantis,WN,EL_Industry,2036,0.0
Atlantis,WN,EL_Industry,2037,0.0
Atlantis,WN,EL_Industry,2038,0.0
Atlantis,WN,EL_Industry,2039,0.0
Atlantis,WN,EL_Industry,2040,0.0
Atlantis,WN,EL_Residential,2014,0.0
Atlantis,WN,EL_Residential,2015,0.0
Atlantis,WN,EL_Residential,2016,0.0
Atlantis,WN,EL_Residential,2017,0.0
Atlantis,WN,EL_Residential,2018,0.0
Atlantis,WN,EL_Residential,2019,0.0
Atlantis,WN,EL_Residential,2020,0.0
Atlantis,WN,EL_Residential,2021,0.0
Atlantis,WN,EL_Residential,2022,0.0
Atlantis,WN,EL_Residential,2023,0.0
Atlantis,WN,EL_Residential,2024,0.0
Atlantis,WN,EL_Residential,2025,0.0
Atlantis,WN,EL_Residential,2026,0.0
Atlantis,WN,EL_Residential,2027,0.0
Atlantis,WN,EL_Residential,2028,0.0
Atlantis,WN,EL_Residential,2029,0.0
Atlantis,WN,EL_Residential,2030,0.0
Atlantis,WN,EL_Residential,2031,0.0
Atlantis,WN,EL_Residential,2032,0.0
Atlantis,WN,EL_Residential,2033,0.0
Atlantis,WN,EL_Residential,2034,0.0
Atlantis,WN,EL_Residential,2035,0.0
Atlantis,WN,EL_Residential,2036,0.0
Atlantis,WN,EL_Residential,2037,0.0
Atlantis,WN,EL_Residential,2038,0.0
Atlantis,WN,EL_Residential,2039,0.0
Atlantis,WN,EL_Residential,2040,0.0
Atlantis,WN,EL_Transport,2014,0.0
Atlantis,WN,EL_Transport,2015,0.0
Atlantis,WN,EL_Transport,2016,0.0
Atlantis,WN,EL_Transport,2017,0.0
Atlantis,WN,EL_Transport,2018,0.0
Atlantis,WN,EL_Transport,2019,0.0
Atlantis,WN,EL_Transport,2020,0.0
Atlantis,WN,EL_Transport,2021,0.0
Atlantis,WN,EL_Transport,2022,0.0
Atlantis,WN,EL_Transport,2023,0.0
Atlantis,WN,EL_Transport,2024,0.0
Atlantis,WN,EL_Transport,2025,0.0
Atlantis,WN,EL_Transport,2026,0.0
Atlantis,WN,EL_Transport,2027,0.0
Atlantis,WN,EL_Transport,2028,0.0
Atlantis,WN,EL_Transport,2029,0.0
Atlantis,WN,EL_Transport,2030,0.0
Atlantis,WN,EL_Transport,2031,0.0
Atlantis,WN,EL_Transport,2032,0.0
Atlantis,WN,EL_Transport,2033,0.0
Atlantis,WN,EL_Transport,2034,0.0
Atlantis,WN,EL_Transport,2035,0.0
Atlantis,WN,EL_Transport,2036,0.0
Atlantis,WN,EL_Transport,2037,0.0
Atlantis,WN,EL_Transport,2038,0.0
Atlantis,WN,EL_Transport,2039,0.0
Atlantis,WN,EL_Transport,2040,0.0
Atlantis,WN,EL_Services,2014,0.0
Atlantis,WN,EL_Services,2015,0.0
Atlantis,WN,EL_Services,2016,0.0
Atlantis,WN,EL_Services,2017,0.0
Atlantis,WN,EL_Services,2018,0.0
Atlantis,WN,EL_Services,2019,0.0
Atlantis,WN,EL_Services,2020,0.0
Atlantis,WN,EL_Services,2021,0.0
Atlantis,WN,EL_Services,2022,0.0
Atlantis,WN,EL_Services,2023,0.0
Atlantis,WN,EL_Services,2024,0.0
Atlantis,WN,EL_Services,2025,0.0
Atlantis,WN,EL_Services,2026,0.0
Atlantis,WN,EL_Services,2027,0.0
Atlantis,WN,EL_Services,2028,0.0
Atlantis,WN,EL_Services,2029,0.0
Atlantis,WN,EL_Services,2030,0.0
Atlantis,WN,EL_Services,2031,0.0
Atlantis,WN,EL_Services,2032,0.0
Atlantis,WN,EL_Services,2033,0.0
Atlantis,WN,EL_Services,2034,0.0
Atlantis,WN,EL_Services,2035,0.0
Atlantis,WN,EL_Services,2036,0.0
Atlantis,WN,EL_Services,2037,0.0
Atlantis,WN,EL_Services,2038,0.0
Atlantis,WN,EL_Services,2039,0.0
Atlantis,WN,EL_Services,2040,0.0
